type,name,latitude,longitude,color
W,mini-currant-lizard,37.78662053713068758040,-122.39208988503932573600,blue
W,immense-mercurial-crocodile,37.76190586430352880140,-122.43593124113259307300,blue
W,loud-seafoam-mink,42.35292755187079194460,-71.17235540800336934810,blue
W,soft-clay-tiger,42.35459026182861208550,-71.05184092057507427850,blue
W,late-mint-gazelle,42.38692828289796921130,-71.10580776951715620270,blue
W,cheery-cloud-guppy,42.33473957039243629200,-71.03195665403794123450,blue
W,teeny-cider-troll,30.26809728810347976950,-97.74258207554994726250,blue
W,shambolic-rusty-cyborg,30.25431743453851041180,-97.76225507402742209710,blue
W,huge-glossy-robin,37.79202624288677014870,-122.41671233101472182600,blue
W,daring-mustard-condor,32.83651666535757129850,-117.19707732276015121900,blue
W,handsome-bamboo-cow,39.28197065248884456420,-76.58044371709002007260,blue
W,urban-umber-manatee,34.04110626548699514160,-118.02902628443659693900,blue
W,rhythmic-blush-jay,40.80251308655292064030,-73.94476407968066666850,blue
W,proper-sable-otter,40.69172077424355649100,-73.94383910006706628340,blue
W,cheery-pistachio-seal,41.92804501955015439310,-87.66333865404274661160,blue
W,furry-garnet-panther,37.65622005220777879230,-121.03112754793224326000,blue
W,chilly-lavender-unicorn,30.15533483806710890460,-97.83505992171239995510,blue
W,tart-garnet-corgi,33.77977434324249372820,-84.26761941251520227070,blue
W,amusing-ultraviolet-perch,40.82843384347638959750,-73.50115904116971421440,blue
W,formal-teal-snake,32.85563610551264446260,-79.77550342679087691520,blue
W,harsh-ebony-gibbon,44.93437391601330688220,-93.13804680813737491010,blue
W,large-hazel-flamingo,34.07227971534662458450,-84.25387456385725215570,blue
W,curved-cerulean-alligator,18.42719807917968211090,-69.63151562289590401630,blue
W,high-citron-raccoon,18.41609314626247595470,-69.63626562727544921930,red
W,damaged-sky-wasp,18.42245469098890708890,-69.63030604682231228250,red
W,modern-ivory-fish,18.43765883667643734610,-69.63438905633735487300,red
W,original-indigo-beaver,40.68852963822887858210,-73.94018381838745312960,red
W,vast-peach-capybara,41.91454633177941246910,-87.67833082696022017900,yellow
W,clever-basil-moose,41.57539001717650251070,-93.88213487334496676340,yellow
W,creamy-linen-octopus,30.21990546877894701080,-97.69997719601285268710,yellow
W,high-cloud-elk,42.38764686172821427590,-71.10051630922397691850,yellow
W,round-white-sidewinder,30.25989332538425102830,-97.78306562161783688230,yellow
W,furry-azure-oyster,44.93790643855440691820,-93.14231069887141245540,yellow
W,trendy-fleece-cobra,42.33813646873772285060,-71.04205272515569902230,yellow
W,calm-jetblack-deer,39.29093931757397228920,-76.58472163879372374140,yellow
W,cheerful-garnet-moth,30.24465581379818246430,-97.75892310902575843560,yellow
W,jolly-blood-stork,44.92940784523923269940,-93.13071742643096229130,yellow
W,agreeable-umber-python,30.26365497619379496540,-97.74334139345873495590,yellow
W,faint-bamboo-trout,40.81009069218189466710,-73.95821805861946529600,yellow
W,noisy-garnet-alligator,32.85924496828972252160,-117.21120517628214940900,yellow
W,glorious-ceramic-cheetah,37.78638210731570268310,-122.39178907347161384700,yellow
W,deep-lime-peacock,32.85052945297558579800,-117.18855245311556245700,yellow
W,odd-arctic-reindeer,30.25571903268638251920,-97.73125352111264874110,yellow
W,flat-malachite-wasp,42.33808171307567391750,-71.04182885536302194400,yellow
W,bent-honey-starfish,30.26752025907878973500,-97.75005791552953837710,yellow
W,helpful-pink-piranha,34.04323734278533208910,-118.01957146057652892100,yellow
W,alert-boysenberry-snake,40.79033728528182223270,-73.94180572066764511870,yellow
W,proud-bubblegum-opossum,30.26350126348226510230,-97.74322722500177462730,yellow
W,rough-cerulean-coyote,37.75186610338072767950,-122.44543944321982564800,yellow
W,large-sapphire-wallaby,40.93477583485324799990,-72.25735610376302986420,yellow
W,plain-taffy-llama,34.04333456079192643530,-118.03968571997120307100,yellow
W,young-merlot-mouse,30.27250945850419938670,-97.73816873076825118010,yellow
W,brave-tin-hare,40.80123381187993203410,-73.96635858786289929870,yellow
W,gorgeous-blonde-weasel,41.88891718626227600450,-87.62647140808219603510,yellow
W,petite-cream-rook,34.05079651620617653410,-118.02968199156848072600,yellow
W,zealous-mango-cobra,18.42434448679556879820,-69.63658820112230785070,yellow
W,melodic-fuchsia-tarantula,32.78774432535856675490,-117.15046003866019930200,yellow
W,blurry-linen-reindeer,33.78298643294265701800,-84.26724600144750354500,yellow
W,salty-laurel-shrimp,32.56990029052078483570,-117.11626117218406761800,yellow
W,hot-olive-albatross,40.78582676083269831220,-73.96917041844650952950,yellow
W,clever-pickle-sparrow,30.26782423505403585300,-97.73233941906373445360,yellow
W,innocent-metal-blackbird,40.68621714137501754750,-73.94602737559267779940,yellow
W,raspy-vinyl-tuna,40.70700098266290467560,-74.00704428973767790010,yellow
W,upbeat-powder-koala,30.27845579688652222220,-97.76651641644043877480,yellow
W,jovial-slate-newt,32.83646882046018333770,-117.20938178487141101400,yellow
W,proper-coconut-robin,30.26764872380297077830,-97.73284988994313948750,yellow
W,small-cream-mantis,30.27238817302479034770,-97.75965694946079054260,yellow
W,faint-pearl-mantis,37.74956199569498949130,-122.40804222385594357500,yellow
W,sneaky-gingham-butterfly,33.79290947468108896600,-84.26774480629832453360,yellow
W,plain-champagne-marmot,30.26895319571343634380,-97.74065430874286164450,yellow
W,best-iris-bull,30.23236557034179838870,-97.76752476065234986890,yellow
W,happy-strawberry-lion,30.25508234315408273570,-97.73142152321922537790,yellow
W,glorious-banana-mantis,42.36646933445308604860,-71.09225315441922532500,yellow
W,dancing-white-bull,40.76332125747856593990,-73.97716540871066115410,yellow
W,sleepy-mossy-goat,42.35799274643463263600,-71.05058879816073158510,yellow
W,custom-sage-parrot,41.92932374777830517590,-87.66789053143300236570,yellow
W,digital-taupe-parrot,34.04672312513359599960,-118.01955787295874245000,yellow
W,stale-admiral-kookaburra,42.36588312500050790280,-71.16910736755470168190,yellow
W,oblong-shamrock-gazelle,30.28363564209519509520,-97.74921119765576804640,yellow
W,brave-lemon-ant,30.26420155153251911880,-97.73221242114935591870,yellow
W,small-chili-leopard,42.35612237050409589760,-71.05937370784134543560,yellow
W,innocent-maroon-swift,37.75403581754598292260,-122.42134867127944630700,yellow
W,clean-citron-ladybug,30.27556406547814660260,-97.75453832645695229080,yellow
W,restless-bubblegum-crane,40.67388740713515460360,-73.96557010637171458710,yellow
W,gigantic-wintergreen-lark,30.26211600943408797090,-97.73322689293236464890,yellow
W,teeny-blue-dinosaur,30.22363007152047487120,-97.78261279982291398480,yellow
W,ancient-viridian-swallow,42.34269420968453800920,-71.15441730575254553060,yellow
W,silly-tartan-squirrel,40.80138239288492485460,-73.95879995751414526240,yellow
W,shambolic-purple-rhino,40.79416534283840434230,-73.96621554269552234470,yellow
W,big-gunmetal-blackbird,37.78688847784821547290,-122.40228617196821403500,yellow
W,micro-clear-griffin,30.30861283483173806990,-97.75195878940051841250,yellow
W,broad-wooden-mouse,40.69296943187778481390,-74.22918407870020018890,yellow
W,trendy-cinnabar-capybara,30.27608213220772981340,-97.74424057717224911810,yellow
W,strong-tin-hare,32.74179202399341193090,-117.22981289244532376900,yellow
W,suave-mustard-llama,41.91485241224108904130,-87.67852484109045008150,yellow
W,ripe-rose-flamingo,34.08536148847932167880,-118.02692316362070812400,yellow
W,trendy-paisley-liger,30.26280760772974431920,-97.75852115959649779600,yellow
W,deep-peanut-yeti,34.04102238635635302440,-118.03688555531948623000,yellow
W,bright-sangria-tardigrade,44.92085849710024803020,-93.13781357439727059950,yellow
W,faint-fiery-parakeet,37.78304250013944454170,-122.39360000240654358100,yellow
W,docile-hazelnut-lizard,30.24265469059935185210,-97.73052391789408943620,yellow
W,faithful-carob-rat,40.77125152120053996900,-73.98127652629193562460,yellow
W,shallow-parchment-copperhead,37.78705653221175708720,-122.40222438449535502500,yellow
W,sweet-cinnamon-elk,37.74990979384755718230,-122.42189314650146059200,yellow
W,basic-cobalt-pike,30.26355034651324160680,-97.73279683160859576670,yellow
